SUPPID;NAME;ADDRESS;CITY;STATE;ZIP
1;Specialty Teleconstructors Incoporated.;Zylina Cox, 2161 Chalmers Street;Salinas;CA;93905
2;Sinclair Broadcast Group Incoporated.;Carla Shelby, 6037 Ecuadorian Street;Clinton;MI;49236
3;Black Hills Corporation;Edena Gilbert, 1618 Greenland Street;Tallahassee;FL;32304
4;Immunex Corporation;Elbert Glad, 5841 Pervades Drive;Fairfax;VA;22035
5;Dollar General Corporation;Antoinette Hickey, 3988 Chanced Avenue;S Middleton;PA;17007
6;First Bancshares Incoporated.;Jensine Lease, 11885 Aural Turnpike;Louisville;KY;40253
7;Afg Industries Incoporated.;Dorothy Polk, 5377 Cookbook Circle;Vero Beach;FL;32967
8;American General Ventures Incoporated.;Kimberly Yarborough, 1616 Goggles Drive;Sterling;KS;67579
9;Fedders Corporation;Virgil Hubert, 7844 Carelessly Drive;Overlook;WA;98366
10;Saurer Gruppe Holding Ag;Pearce Valdez, 3727 Elms Drive;South Saint Paul;MN;55077
11;The Product Company (East);20021 Barnes Rd.;Stratford;NY;13470
12;The Product Company (West);21 E Bullard Ave;Fresno;CA;93710
13;Processing Equipment Corporation;Dept #2, 29843 Klingon Road;Naperville;IL;60563
